type,val,pval
sent,negativo,0.8486126054157398
sent,neutrale,0.5062526402317593
sent,positivo,0.7074247964109845
subj,bassa,0.5391282696057118
subj,medio-bassa,0.4141793659679207
subj,media,0.8954849616970217
subj,medio-alta,0.4388129887783405
subj,alta,0.4459216983631228
