file,type,pprop,ptrend
correct_false_all_10,sent,0.44099865638216273,0.6909092936740218
correct_true_all_10,sent,0.5497505779286571,0.5769229565069892
wrong_false_all_10,sent,0.047345078776741364,0.0467998649700871
wrong_true_all_10,sent,0.705592115367379,0.5769229565069893
correct_false_all_10,subj,0.8506059999188766,0.8806052719407552
correct_true_all_10,subj,0.7480192212922085,0.1984497418880034
wrong_false_all_10,subj,0.12423963047052514,0.29306858605708824
wrong_true_all_10,subj,0.7480192212922085,0.19844974188800332
